ID_HOGAR;ID_IND;ID_VIAJE;VORI;VORIHORAINI;VDES;VDESHORAFIN;VFRECUENCIA;VVEHICULO;VNOPRIVADO;VNOPUBLICO;VORIZT1259;VDESZT1259;TIPO_ENCUESTA;N_ETAPAS_POR_VIAJE;MOTIVO_PRIORITARIO;DISTANCIA_VIAJE;MODO_PRIORITARIO;ELE_G_POND_ESC2
395368;2;2;2;1400;1;1435;1;1;;7;074-019;074-019;CAPI;1;2;0;11;79,59718404
531379;1;3;3;1200;3;1215;2;1;;4;074-019;074-025;CAPI;1;3;2,739024227;11;53,61840164
555605;1;2;1;1925;5;1935;3;2;8;11;074-020;074-022;CAPI;1;5;0,415842144;24;73,78704102
555605;2;1;1;0830;7;0840;1;2;8;11;074-020;074-022;CAPI;1;7;0,423756198;24;87,01306573
555605;3;1;1;0800;4;0830;1;2;8;11;074-020;074-024B;CAPI;1;4;0,770598642;24;63,99697875
555605;4;1;4;0830;4;0840;1;2;8;11;074-020;074-022;CAPI;1;4;0,423756198;24;63,99697875
555608;2;1;1;1030;5;1040;1;2;8;11;074-020;074-021;CAPI;1;5;0,108761987;24;115,6514686
555955;1;2;1;1130;5;1200;2;1;8;9;074-020;074-022;CAPI;1;5;0,50068213;24;139,1755184
556255;1;1;1;0800;4;0830;1;1;8;11;074-020;074-024B;CAPI;1;4;0,833652512;24;142,9345755
556269;2;1;1;0700;2;0730;1;1;5;;074-020;074-031;CAPI;1;2;1,61158898;4;121,3985654
556269;3;1;1;0930;5;1000;1;2;8;11;074-020;074-021;CAPI;1;5;0,233816786;24;64,9514727
556373;2;1;1;1100;5;1120;2;2;7;11;074-020;074-021;CAPI;1;5;0,272529236;24;73,78704102
556373;3;1;1;1100;10;1115;4;2;8;11;074-020;074-025;CAPI;1;10;1,8522446;24;87,01306573
556373;4;1;1;0830;4;0845;1;2;8;11;074-020;074-025;CAPI;1;4;0,648406126;24;87,01306573
556413;1;1;1;0840;7;0850;1;2;8;9;074-020;074-026;CAPI;1;7;0,780993448;24;61,72553083
556413;1;2;1;0900;9;1030;1;2;8;11;074-026;074-026;CAPI;1;9;0;24;61,72553083
556413;3;1;1;0845;4;0900;1;2;8;11;074-020;074-015;CAPI;1;4;0,174585304;24;61,70817961
556947;2;1;1;0800;4;0805;1;1;8;11;074-020;074-015;CAPI;1;4;0,337993203;24;92,55412296
556947;2;3;1;1600;5;1620;4;1;8;11;074-020;074-026;CAPI;1;5;1,280845833;24;92,55412296
556947;2;5;1;1700;7;1705;2;1;8;11;074-020;074-015;CAPI;1;7;0,337993203;24;92,55412296
556947;3;1;1;0800;4;0805;2;1;8;11;074-020;074-015;CAPI;1;4;0,337993203;24;121,3644399
556947;3;3;1;1700;4;1705;2;2;;11;074-020;074-015;CAPI;1;4;0,337993203;24;121,3644399
557229;1;1;1;1200;8;1300;4;1;8;12;074-024B;074-018;CAPI;1;8;0,340081462;24;35,52325013
557229;1;2;8;1300;1;1400;4;1;8;12;074-018;074-024B;CAPI;1;8;0,340081462;24;35,52325013
557229;2;1;1;1000;5;1015;2;2;8;12;074-024B;074-024A;CAPI;1;5;0,174694595;24;27,08288397
557229;2;2;5;1100;1;1130;2;2;8;12;074-024A;074-024B;CAPI;1;5;0,174694595;24;27,08288397
557261;3;1;1;1745;9;1800;4;1;6;10;074-024B;074-024A;CAPI;1;9;0,206485869;24;18,88432386
557261;3;2;9;1900;1;1915;4;1;5;10;074-024A;074-024B;CAPI;1;9;0,206485869;24;18,88432386
557323;2;1;1;0900;5;0945;2;1;3;10;074-024B;074-024A;CAPI;1;5;0,230655263;24;27,63559589
557323;2;2;5;1045;1;1100;2;1;3;10;074-024A;074-024B;CAPI;1;5;0,230655263;24;27,63559589
557323;2;3;1;1600;2;1610;2;1;;7;074-024B;074-028;CAPI;1;2;1,458709892;11;27,63559589
557323;2;4;2;2100;1;2110;2;1;;7;074-028;074-024B;CAPI;1;2;1,458709892;11;27,63559589
557417;2;1;1;0855;2;0900;2;1;8;10;074-024B;074-024A;CAPI;1;2;0,159226255;24;18,88432386
557417;2;2;2;1400;1;1405;2;1;8;10;074-024A;074-024B;CAPI;1;2;0,159226255;24;18,88432386
557446;2;1;1;0800;2;0805;1;1;;9;074-024B;074-024B;CAPI;1;2;0;11;36,24821441
557446;2;2;2;1600;1;1605;1;1;;9;074-024B;074-024B;CAPI;1;2;0;11;36,24821441
557446;4;1;1;0900;2;0905;2;1;;7;074-024B;074-001;CAPI;1;2;4,670626293;11;36,24821441
557446;4;2;2;1700;1;1705;2;1;;7;074-001;074-024B;CAPI;1;2;4,670626293;11;36,24821441
557451;1;1;1;0900;5;0915;2;1;8;10;074-024B;074-024A;CAPI;1;5;0,159226255;24;32,05729123
557451;1;2;5;1100;1;1130;2;1;8;10;074-024A;074-024B;CAPI;1;5;0,159226255;24;32,05729123
557451;1;3;1;1700;8;1705;4;1;;7;074-024B;074-019;CAPI;1;8;0,915773261;11;32,05729123
557451;1;4;8;2000;1;2005;4;1;;7;074-019;074-024B;CAPI;1;8;0,915773261;11;32,05729123
557619;2;1;1;1400;2;1430;2;2;5;;074-024A;074-030;CAPI;1;2;3,428966094;4;30,50443394
557619;2;2;2;2230;1;2300;2;2;5;;074-030;074-024A;CAPI;1;2;3,428966094;4;30,50443394
557619;3;1;1;0850;2;0900;2;1;8;10;074-024A;074-021;CAPI;1;2;1,081210334;24;40,01112429
557619;3;2;2;1400;1;1410;2;1;8;10;074-021;074-024A;CAPI;1;2;1,081210334;24;40,01112429
557797;2;1;1;1330;2;1345;1;2;8;;074-022;074-038;CAPI;1;2;4,133303901;2;164,7925352
557797;2;2;2;1700;1;1720;1;2;8;;074-038;074-022;CAPI;1;2;4,133303901;2;164,7925352
557797;3;1;1;1900;10;1915;4;2;8;;074-022;074-019;CAPI;1;10;1,634712649;4;183,2951376
557797;3;2;10;2050;1;2100;1;2;8;;074-019;074-022;CAPI;1;10;1,634712649;4;183,2951376
558097;1;1;1;1300;2;1320;1;2;8;;074-023;074-006;CAPI;1;2;1,428626746;2;92,00141104
558097;1;2;2;1605;1;1630;1;2;8;;074-006;074-023;CAPI;1;2;1,428626746;2;92,00141104
558343;1;1;1;0600;2;0610;1;1;;5;074-023;074-011A;CAPI;1;2;2,125072592;11;301,8751296
558343;1;2;2;1600;1;1610;1;1;;5;074-011A;074-023;CAPI;1;2;2,125072592;11;301,8751296
558343;2;1;1;1600;2;1610;1;1;3;10;074-023;074-007;CAPI;1;2;1,295584602;24;230,1492426
558343;2;2;2;2000;1;2010;1;1;3;10;074-007;074-023;CAPI;1;2;1,295584602;24;230,1492426
558383;1;1;1;0730;9;0800;2;1;8;11;074-023;074-024B;CAPI;1;9;0,396012729;24;71,87871422
558383;1;2;9;0800;1;0830;2;1;8;11;074-024B;074-023;CAPI;1;9;0,396012729;24;71,87871422
558383;1;3;1;0915;9;0930;2;1;;5;074-023;074-019;CAPI;1;9;1,642726595;11;71,87871422
558383;1;4;9;1100;1;1115;2;1;;5;074-019;074-023;CAPI;1;9;1,642726595;11;71,87871422
558383;2;1;1;0730;9;0800;2;2;8;11;074-023;074-024B;CAPI;1;9;0,396012729;24;54,08704793
558383;2;2;9;0800;1;0830;2;2;8;11;074-024B;074-023;CAPI;1;9;0,396012729;24;54,08704793
558383;2;3;1;0915;9;0930;2;2;8;1;074-023;074-019;CAPI;1;9;1,642726595;14;54,08704793
558383;2;4;9;1100;1;1115;2;2;8;1;074-019;074-023;CAPI;1;9;1,642726595;14;54,08704793
559014;1;1;1;1636;7;1655;2;2;8;;074-023;074-007;CAPI;1;7;1,178913682;2;114,8110723
559014;1;2;7;1821;1;1840;2;2;8;;074-007;074-023;CAPI;1;7;1,178913682;2;114,8110723
559074;2;1;1;0950;2;1000;1;1;;5;074-023;074-026;CAPI;1;2;2,031213861;11;77,07260631
559074;2;2;2;1800;1;1810;1;1;;5;074-026;074-023;CAPI;1;2;2,031213861;11;77,07260631
559182;1;1;1;1220;9;1240;3;2;8;11;074-023;074-024B;CAPI;1;9;0,331702475;24;114,8110723
559182;1;2;9;1325;1;1330;3;2;8;12;074-024B;074-023;CAPI;1;9;0,331702475;24;114,8110723
559305;2;1;1;1000;5;1010;2;2;8;11;074-023;074-023;CAPI;1;5;0,24882186;24;77,07260631
559305;2;2;5;1100;1;1115;2;2;8;11;074-023;074-023;CAPI;1;5;0,24882186;24;77,07260631
559376;1;3;1;1615;10;1630;1;2;8;10;074-016;074-015;CAPI;1;10;0,757236449;24;90,57105959
559376;1;4;7;1630;1;1645;1;2;8;10;074-015;074-016;CAPI;1;7;0,757236449;24;90,57105959
559376;2;1;1;0845;4;0900;1;2;8;10;074-016;074-015;CAPI;1;4;0,757236449;24;78,55409427
559376;2;2;4;1230;1;1245;1;2;8;10;074-015;074-016;CAPI;1;4;0,757236449;24;78,55409427
559376;2;3;1;1445;4;1500;1;2;8;10;074-016;074-015;CAPI;1;4;0,757236449;24;78,55409427
559376;2;4;4;1630;1;1645;1;2;8;10;074-015;074-016;CAPI;1;4;0,757236449;24;78,55409427
559376;3;1;1;0845;4;0900;1;2;8;10;074-016;074-015;CAPI;1;4;0,757236449;24;78,55409427
559376;3;2;4;1230;1;1245;1;2;8;10;074-015;074-016;CAPI;1;4;0,757236449;24;78,55409427
559376;3;3;1;1445;4;1500;1;2;8;10;074-016;074-015;CAPI;1;4;0,757236449;24;78,55409427
559376;3;4;4;1630;1;1645;1;2;8;10;074-015;074-016;CAPI;1;4;0,757236449;24;78,55409427
559411;1;1;1;1030;5;1040;1;1;5;10;074-016;074-017;CAPI;1;5;0,13943789;24;76,79929834
559411;1;2;5;1200;1;1210;1;1;5;10;074-017;074-016;CAPI;1;5;0,13943789;24;76,79929834
559411;3;1;1;0750;4;0800;1;2;8;10;074-016;074-015;CAPI;1;4;0,301117529;24;143,5025788
559411;3;2;4;1430;1;1440;1;2;8;10;074-015;074-016;CAPI;1;4;0,301117529;24;143,5025788
559411;4;1;1;1000;9;1015;2;1;8;11;074-016;074-024B;CAPI;1;9;0,838192474;24;102,0620468
559411;4;2;9;1215;1;1230;2;1;8;11;074-024B;074-016;CAPI;1;9;0,838192474;24;102,0620468
559756;3;1;1;0750;4;0800;1;2;8;10;074-016;074-018;CAPI;1;4;1,21888577;24;94,91686737
559756;3;2;4;1400;1;1410;1;2;8;10;074-018;074-016;CAPI;1;4;1,21888577;24;94,91686737
560144;1;1;1;0750;9;0820;1;1;8;11;074-026;074-026;CAPI;1;9;0;24;71,26368294
560144;1;2;1;1500;9;1530;1;1;8;11;074-026;074-026;CAPI;1;9;0;24;71,26368294
560144;1;3;1;1800;5;1805;2;2;;12;074-026;074-026;CAPI;1;5;0,08658238;24;71,26368294
560144;1;4;5;1830;1;1835;2;2;;12;074-026;074-026;CAPI;1;5;0,08658238;24;71,26368294
560144;1;5;1;1845;9;1910;2;2;;12;074-026;074-026;CAPI;1;9;0,136503704;24;71,26368294
560144;1;6;9;2030;1;2045;2;2;;12;074-026;074-026;CAPI;1;9;0,136503704;24;71,26368294
560144;2;1;1;1645;8;1715;2;1;2;11;074-026;074-026;CAPI;1;8;0,23137484;24;61,72089421
560144;2;2;8;1815;1;1845;2;1;2;11;074-026;074-026;CAPI;1;8;0,23137484;24;61,72089421
560176;1;1;1;0430;2;0435;1;1;;5;074-012;074-011A;CAPI;1;2;0,976340565;11;53,01871098
560176;1;2;2;1630;1;1635;1;1;;5;074-011A;074-012;CAPI;1;2;0,976340565;11;53,01871098
560176;1;3;1;1700;5;1715;2;1;8;11;074-012;074-026;CAPI;1;5;0,798569655;24;53,01871098
560176;1;4;5;1730;1;1745;2;1;8;11;074-026;074-012;CAPI;1;5;0,798569655;24;53,01871098
560176;2;1;1;0845;4;0900;1;2;8;5;074-012;074-028;CAPI;1;4;1,617484678;14;62,24755791
560176;2;2;4;1600;1;1615;1;2;8;5;074-028;074-012;CAPI;1;4;1,617484678;14;62,24755791
560218;1;1;1;1000;2;1005;1;1;;5;074-012;074-008;CAPI;1;2;0,775239731;11;53,04574117
560218;1;2;2;1600;1;1605;1;1;;5;074-008;074-012;CAPI;1;2;0,775239731;11;53,04574117
560218;2;1;1;0600;2;0605;1;1;;4;074-012;074-008;CAPI;1;2;0,775239731;12;62,84917795
560218;2;2;2;2130;1;2135;1;1;;4;074-008;074-012;CAPI;1;2;0,775239731;12;62,84917795
560218;3;1;1;0850;3;0900;2;2;8;10;074-012;074-026;CAPI;1;3;0,561792179;24;101,2740242
560218;3;2;3;1400;1;1410;2;2;8;10;074-026;074-012;CAPI;1;3;0,561792179;24;101,2740242
560218;3;3;1;1450;3;1500;2;2;8;10;074-012;074-026;CAPI;1;3;0,561792179;24;101,2740242
560218;3;4;3;1800;1;1810;2;2;8;10;074-026;074-012;CAPI;1;3;0,561792179;24;101,2740242
560348;2;1;1;0845;7;0900;1;1;3;10;074-012;074-013;CAPI;1;7;0,608964915;24;53,04574117
560348;2;2;10;0900;1;0915;1;1;3;10;074-013;074-012;CAPI;1;10;0,608964915;24;53,04574117
560348;2;5;1;1640;10;1700;1;1;3;10;074-012;074-013;CAPI;1;10;0,608964915;24;53,04574117
560348;2;6;7;1700;1;1720;1;1;3;10;074-013;074-012;CAPI;1;7;0,608964915;24;53,04574117
560348;3;1;1;0845;4;0900;1;2;8;10;074-012;074-013;CAPI;1;4;0,608964915;24;73,789192
560348;3;2;4;1700;1;1720;1;2;8;10;074-013;074-012;CAPI;1;4;0,608964915;24;73,789192
560360;1;1;1;1200;5;1215;2;2;8;10;074-012;074-026;CAPI;1;5;0,518698117;24;83,82096922
560360;1;2;5;1400;1;1415;2;2;8;10;074-026;074-012;CAPI;1;5;0,518698117;24;83,82096922
560360;2;1;1;1100;5;1105;2;2;8;10;074-012;074-012;CAPI;1;5;0,07812489;24;44,74866516
560360;2;2;5;1110;1;1115;2;2;8;10;074-012;074-012;CAPI;1;5;0,07812489;24;44,74866516
560360;2;3;1;1200;5;1215;2;2;8;10;074-012;074-026;CAPI;1;5;0,518698117;24;44,74866516
560360;2;4;5;1400;1;1415;2;2;8;10;074-026;074-012;CAPI;1;5;0,518698117;24;44,74866516
561239;1;1;1;0439;2;0500;1;2;8;;074-012;074-009;CAPI;1;2;1,138302186;2;44,74866516
561239;1;2;2;0600;3;0610;1;2;8;;074-009;074-026;CAPI;1;3;1,390086423;2;44,74866516
561239;2;1;1;0745;4;0815;1;2;8;11;074-012;074-006;CAPI;1;4;1,15004804;24;69,94394345
561239;2;2;4;1400;1;1415;1;2;8;;074-006;074-012;CAPI;1;4;1,15004804;2;69,94394345
561353;1;1;1;1700;6;1720;4;2;8;;074-033;074-009;CAPI;1;6;2,02365852;2;40,2047
561353;1;2;6;1800;1;1825;4;2;8;;074-009;074-033;CAPI;1;6;2,02365852;2;62,83578955
562094;2;3;1;2000;9;2030;1;1;8;11;074-015;074-015;CAPI;1;9;0,213993859;24;49,72267751
562094;2;4;9;2030;1;2100;1;1;8;11;074-015;074-015;CAPI;1;9;0,213993859;24;49,72267751
562094;3;3;1;2000;9;2030;1;2;8;11;074-015;074-015;CAPI;1;9;0,213993859;24;69,61085088
562094;3;4;9;2030;1;2100;1;2;8;11;074-015;074-015;CAPI;1;9;0,213993859;24;69,61085088
562094;4;1;1;0750;4;0800;1;2;8;10;074-015;074-006;CAPI;1;4;0,534669793;24;68,75032949
562094;4;2;4;1430;1;1440;1;2;8;10;074-006;074-015;CAPI;1;4;0,534669793;24;68,75032949
562094;4;3;1;2000;9;2030;1;2;8;11;074-015;074-015;CAPI;1;9;0,213993859;24;68,75032949
562094;4;4;9;2030;1;2100;1;2;8;11;074-015;074-015;CAPI;1;9;0,213993859;24;68,75032949
562323;2;1;1;1100;5;1230;2;2;8;11;074-015;074-027;CAPI;1;5;1,296169793;24;41,44871239
562323;2;2;5;1230;1;1400;2;2;8;11;074-027;074-015;CAPI;1;5;1,296169793;24;41,44871239
562398;1;1;1;2000;9;2200;1;2;8;11;074-015;074-026;CAPI;1;9;0,802264021;24;130,1938044
562398;1;2;8;2200;1;2345;1;2;8;11;074-026;074-015;CAPI;1;8;0,802264021;24;130,1938044
562398;2;1;1;1100;9;1230;1;2;8;11;074-015;074-026;CAPI;1;9;0,802264021;24;77,52190193
562398;2;2;9;1230;1;1400;1;2;8;11;074-026;074-015;CAPI;1;9;0,802264021;24;77,52190193
562646;1;1;1;1000;5;1200;4;2;8;11;074-015;074-026;CAPI;1;5;0,722316877;24;110,7143651
562646;1;2;5;1200;1;1300;4;2;8;11;074-026;074-015;CAPI;1;5;0,722316877;24;110,7143651
562646;2;1;1;0600;1;1400;1;1;;4;074-015;074-015;CAPI;1;1;0;12;154,9981124
562646;2;2;1;1600;1;2000;1;1;;4;074-015;074-015;CAPI;1;1;0;12;154,9981124
563297;1;1;1;1200;10;1210;4;1;;5;074-024A;074-031;CAPI;1;10;3,057301473;11;40,01112429
563297;1;2;10;1900;1;1910;4;1;;5;074-031;074-024A;CAPI;1;10;3,057301473;11;40,01112429
563297;2;1;1;1200;10;1210;4;1;8;5;074-024A;074-031;CAPI;1;10;3,057301473;14;30,50443394
563297;2;2;10;1900;1;1910;4;1;8;5;074-031;074-024A;CAPI;1;10;3,057301473;14;30,50443394
563297;3;1;1;1800;8;1820;3;1;6;;074-024A;074-031;CAPI;1;8;3,057671364;4;35,97222871
563297;3;2;8;2300;1;2330;3;1;6;;074-031;074-024A;CAPI;1;8;3,057671364;4;35,97222871
563510;2;1;1;0800;7;0810;1;1;;5;074-033;074-028;CAPI;1;7;0,64242412;11;96,95488224
563510;2;4;7;1605;1;1615;1;1;;5;074-028;074-033;CAPI;1;7;0,64242412;11;96,95488224
563510;3;1;1;0800;4;0810;1;2;8;5;074-033;074-028;CAPI;1;4;0,64242412;14;84,09091153
563510;3;2;4;1605;1;1615;1;2;8;5;074-028;074-033;CAPI;1;4;0,64242412;14;84,09091153
563510;4;1;1;0800;4;0810;1;2;8;10;074-033;074-028;CAPI;1;4;0,64242412;14;127,1350708
563510;4;2;4;1605;1;1615;1;2;8;10;074-028;074-033;CAPI;1;4;0,64242412;14;127,1350708
563782;3;1;1;0730;2;0755;1;1;5;11;074-022;074-028;CAPI;1;2;0,718543934;24;57,02144618
563782;3;2;2;1430;1;1500;1;1;8;11;074-028;074-022;CAPI;1;2;0,718543934;24;57,02144618
563782;4;1;1;0745;4;0800;1;2;8;11;074-022;074-024B;CAPI;1;4;0,434020506;24;74,7711248
563782;4;2;4;1500;1;1530;1;2;8;11;074-024B;074-022;CAPI;1;4;0,434020506;24;74,7711248
564870;1;1;1;0800;6;0815;4;1;8;10;074-027;074-028;CAPI;1;6;0,499418777;24;80,64409391
564870;1;2;6;0915;1;0945;4;1;8;10;074-028;074-027;CAPI;1;6;0,499418777;24;80,64409391
564870;1;3;1;1200;5;1245;1;1;8;11;074-027;074-015;CAPI;1;5;0,504145617;24;80,64409391
564870;1;4;5;1245;1;1315;1;1;8;11;074-015;074-027;CAPI;1;5;0,504145617;24;80,64409391
564870;1;5;1;2100;1;2130;2;1;8;10;074-027;074-027;CAPI;1;1;0;24;80,64409391
564870;2;1;1;0800;7;0815;4;1;8;10;074-027;074-028;CAPI;1;7;0,499418777;24;57,60366701
564870;2;2;7;0900;1;0945;4;1;8;10;074-028;074-027;CAPI;1;7;0,499418777;24;57,60366701
564870;2;3;1;1200;9;1245;1;1;8;11;074-027;074-015;CAPI;1;9;0,504145617;24;57,60366701
564870;2;4;9;1245;1;1315;1;1;8;11;074-015;074-027;CAPI;1;9;0,504145617;24;57,60366701
564960;1;1;1;0800;2;0820;1;1;;1;074-026;074-019;CAPI;1;2;3,09155557;11;49,03521397
564960;1;2;2;1600;1;1620;1;1;;1;074-019;074-026;CAPI;1;2;3,09155557;11;49,03521397
564960;1;3;1;1700;6;1720;2;1;8;11;074-026;074-028;CAPI;1;6;0,937744582;24;49,03521397
564960;1;4;6;1800;1;1820;2;1;8;11;074-028;074-026;CAPI;1;6;0,937744582;24;49,03521397
564960;2;1;1;0630;2;0640;1;1;;1;074-026;074-025;CAPI;1;2;2,194860064;11;68,64841435
564960;2;2;2;1430;1;1445;1;1;;1;074-025;074-026;CAPI;1;2;2,194860064;11;68,64841435
564960;2;3;1;1700;8;1830;1;1;8;10;074-026;074-026;CAPI;1;8;0,361637013;24;68,64841435
564960;2;4;8;1830;1;2000;1;1;8;10;074-026;074-026;CAPI;1;8;0,361637013;24;68,64841435
564960;3;1;1;0850;4;0900;1;2;8;10;074-026;074-026;CAPI;1;4;0,280594366;24;52,32797241
564960;3;2;4;1400;1;1410;1;2;8;10;074-026;074-026;CAPI;1;4;0,280594366;24;52,32797241
564960;3;3;1;1700;8;1830;1;2;8;10;074-026;074-030;CAPI;1;8;0,169705901;24;52,32797241
564960;3;4;8;1830;1;2000;1;2;8;10;074-030;074-026;CAPI;1;8;0,169705901;24;52,32797241
564960;4;1;1;0850;4;0900;1;2;8;10;074-026;074-026;CAPI;1;4;0,280594366;24;52,32797241
564960;4;2;4;1400;1;1410;1;2;8;10;074-026;074-026;CAPI;1;4;0,280594366;24;52,32797241
564960;4;3;1;1700;8;1830;1;2;8;10;074-026;074-030;CAPI;1;8;0,169705901;24;52,32797241
564960;4;4;8;1830;1;2000;1;2;8;10;074-030;074-026;CAPI;1;8;0,169705901;24;52,32797241
565925;1;1;1;1015;10;1030;3;2;8;;074-033;074-015;CAPI;1;10;0,986827686;2;39,08462847
565925;1;2;10;1415;1;1430;3;2;8;;074-015;074-033;CAPI;1;10;0,986827686;2;39,08462847
565925;1;3;1;1800;9;1820;2;2;8;11;074-033;074-024B;CAPI;1;9;1,558884304;24;39,08462847
565925;1;4;9;2015;1;2030;2;2;8;5;074-024B;074-033;CAPI;1;9;1,558884304;14;39,08462847
566046;1;1;1;1200;9;1210;1;1;8;10;074-030;074-026;CAPI;1;9;0,373005848;24;82,45083823
566046;1;2;9;1400;1;1410;1;1;8;10;074-026;074-030;CAPI;1;9;0,373005848;24;82,45083823
566046;1;3;1;1900;9;2030;2;1;8;11;074-030;074-026;CAPI;1;9;0,716035772;24;82,45083823
566046;1;4;9;2030;1;2200;2;1;8;11;074-026;074-030;CAPI;1;9;0,716035772;24;82,45083823
566046;2;1;1;0600;2;0610;1;1;8;10;074-030;074-015;CAPI;1;2;0,763359757;24;161,489351
566046;2;2;2;2000;1;2010;1;1;8;10;074-015;074-030;CAPI;1;2;0,763359757;24;161,489351
566046;3;1;1;1600;2;1610;1;1;8;10;074-030;074-030;CAPI;1;2;0,162399544;24;115,3510239
566046;3;2;2;1900;1;1910;1;1;8;10;074-030;074-030;CAPI;1;2;0,162399544;24;115,3510239
566046;4;1;1;0800;4;0830;1;2;8;;074-030;074-024A;CAPI;1;4;2,694490715;4;123,0969482
566046;4;2;4;1430;1;1500;1;2;8;;074-024A;074-030;CAPI;1;4;2,694490715;4;123,0969482
566250;1;1;1;0830;2;0845;2;1;2;5;074-018;074-026;CAPI;1;2;2,346174164;17;114,8635858
566250;1;2;2;2124;10;2130;4;1;2;5;074-026;074-013;CAPI;1;10;1,178864101;17;114,8635858
566250;1;3;10;2315;1;2330;4;1;3;5;074-013;074-018;CAPI;1;10;2,593380196;17;114,8635858
566250;2;1;1;1100;5;1115;2;1;3;10;074-018;074-024A;CAPI;1;5;0,579964162;24;114,8635858
566250;2;2;5;1200;1;1215;3;1;3;10;074-024A;074-018;CAPI;1;5;0,579964162;24;114,8635858
566290;1;1;1;0900;4;0930;1;1;2;;074-018;074-014;CAPI;1;4;2,278360763;1;74,67439566
566290;1;2;4;1900;1;1930;1;1;4;;074-014;074-018;CAPI;1;4;2,278360763;1;74,67439566
566430;2;1;1;1000;5;1010;2;1;;1;074-027;074-006;CAPI;1;5;2,046440925;11;68,02384255
566430;2;2;5;1200;1;1215;2;1;;1;074-006;074-027;CAPI;1;5;2,046440925;11;68,02384255
566430;2;3;1;1830;9;1900;2;1;8;11;074-027;074-014;CAPI;1;9;0,88565691;24;68,02384255
566430;2;4;9;1900;1;1930;2;1;8;11;074-014;074-027;CAPI;1;9;0,88565691;24;68,02384255
566430;3;1;1;0800;4;0815;1;2;8;;074-027;074-014;CAPI;1;4;0,864746132;2;121,4231638
566430;3;2;4;1200;1;1215;1;2;8;;074-014;074-027;CAPI;1;4;0,864746132;2;121,4231638
566430;3;3;1;2030;9;2035;1;2;8;10;074-027;074-032;CAPI;1;9;0,375051325;24;121,4231638
566430;3;4;9;2150;1;2200;1;2;8;10;074-032;074-027;CAPI;1;9;0,375051325;24;121,4231638
566430;4;1;1;0825;4;0830;1;2;8;10;074-027;074-032;CAPI;1;4;0,223615808;24;94,05490256
566430;4;2;4;1430;1;1435;1;2;8;10;074-032;074-027;CAPI;1;4;0,223615808;24;94,05490256
566430;4;3;1;1550;4;1600;2;2;8;10;074-027;074-026;CAPI;1;4;0,297193963;24;94,05490256
566430;4;4;4;1700;1;1710;2;2;8;10;074-026;074-027;CAPI;1;4;0,297193963;24;94,05490256
566455;2;1;1;0850;7;0900;1;1;8;10;074-027;074-027;CAPI;1;7;0,288370727;24;57,60366701
566455;2;2;10;0900;1;0910;1;1;8;10;074-027;074-027;CAPI;1;10;0,288370727;24;57,60366701
566455;2;3;1;1150;10;1200;1;1;8;10;074-027;074-027;CAPI;1;10;0,288370727;24;57,60366701
566455;2;4;7;1205;1;1220;1;1;8;10;074-027;074-027;CAPI;1;7;0,288370727;24;57,60366701
566455;2;5;1;1450;7;1500;1;1;8;10;074-027;074-027;CAPI;1;7;0,288370727;24;57,60366701
566455;2;6;10;1500;1;1520;1;1;8;10;074-027;074-027;CAPI;1;10;0,288370727;24;57,60366701
566455;2;7;1;1650;10;1700;1;1;8;10;074-027;074-027;CAPI;1;10;0,288370727;24;57,60366701
566455;2;8;7;1700;1;1720;1;1;8;10;074-027;074-027;CAPI;1;7;0,288370727;24;57,60366701
566455;3;1;1;0850;4;0900;1;1;8;10;074-027;074-027;CAPI;1;4;0,28938794;24;79,64718083
566455;3;2;4;1200;1;1215;1;1;8;10;074-027;074-027;CAPI;1;4;0,28938794;24;79,64718083
566455;3;3;1;1450;4;1500;1;1;8;10;074-027;074-027;CAPI;1;4;0,28938794;24;79,64718083
566455;3;4;4;1700;1;1720;1;1;8;10;074-027;074-027;CAPI;1;4;0,28938794;24;79,64718083
567397;1;1;1;1000;1;1200;2;1;8;11;074-023;074-023;CAPI;1;1;0;24;71,87871422
567556;2;3;1;1730;5;1745;2;2;6;;074-023;074-026;CAPI;1;5;1,965102721;2;71,87871422
567556;2;4;5;2000;1;2015;2;2;6;;074-026;074-023;CAPI;1;5;1,965102721;2;71,87871422
567759;1;1;1;0830;7;0835;1;1;8;10;074-023;074-024B;CAPI;1;7;0,081668938;24;120,6736011
567759;1;2;7;0835;1;0840;1;1;8;10;074-024B;074-023;CAPI;1;7;0,081668938;24;120,6736011
567759;1;3;1;1355;7;1400;1;1;8;10;074-023;074-024B;CAPI;1;7;0,081668938;24;120,6736011
567759;1;4;7;1400;1;1405;1;1;8;10;074-024B;074-023;CAPI;1;7;0,081668938;24;120,6736011
567759;3;1;1;0830;4;0835;1;2;8;10;074-023;074-024B;CAPI;1;4;0,081668938;24;79,79466673
567759;3;2;4;1400;1;1405;1;2;8;10;074-024B;074-023;CAPI;1;4;0,081668938;24;79,79466673
567819;2;1;1;1100;5;1110;1;2;8;10;074-016;074-007;CAPI;1;5;0,387310029;24;63,55982334
567819;2;2;5;1200;1;1210;1;2;8;10;074-007;074-016;CAPI;1;5;0,387310029;24;63,55982334
567819;2;3;1;1830;8;1840;2;2;8;10;074-016;074-017;CAPI;1;8;0,241681815;24;63,55982334
567819;2;4;8;1930;1;1940;2;2;8;10;074-017;074-016;CAPI;1;8;0,241681815;24;63,55982334
567819;2;5;1;2030;9;2100;2;2;8;11;074-016;074-019;CAPI;1;9;1,200951036;24;63,55982334
567819;2;6;9;2100;1;2145;2;2;8;11;074-019;074-016;CAPI;1;9;1,200951036;24;63,55982334
567849;1;1;1;1020;10;1040;2;1;5;;074-016;074-008;CAPI;2;10;2,562632971;1;84,21407524
567849;1;2;10;1045;7;1055;2;1;5;10;074-008;074-011B;CAPI;1;7;0,350808754;24;84,21407524
567849;1;3;10;1130;1;1210;2;1;5;;074-011B;074-016;CAPI;1;10;2,597480051;4;84,21407524
567849;1;4;1;1700;9;1800;1;1;8;11;074-016;074-019;CAPI;1;9;1,200951036;24;84,21407524
567849;1;5;9;1800;1;1900;1;1;8;11;074-019;074-016;CAPI;1;9;1,200951036;24;84,21407524
567849;2;1;1;1100;5;1110;2;2;8;10;074-016;074-007;CAPI;1;5;0,407553677;24;63,36911801
567849;2;2;5;1200;1;1210;2;2;8;10;074-007;074-016;CAPI;1;5;0,407553677;24;63,36911801
567849;2;3;1;1645;5;1655;2;2;8;10;074-016;074-019;CAPI;1;5;1,200951036;24;63,36911801
567849;2;4;5;1800;1;1810;2;2;8;10;074-019;074-016;CAPI;1;5;1,200951036;24;63,36911801
567849;2;5;1;1830;9;1840;2;2;8;10;074-016;074-024B;CAPI;1;9;0,14744434;24;63,36911801
567849;2;6;9;1945;1;1955;2;2;8;10;074-024B;074-016;CAPI;1;9;0,14744434;24;63,36911801
567971;1;1;1;1100;5;1110;1;2;8;10;074-016;074-017;CAPI;1;5;0,532922065;24;63,36911801
567971;1;2;5;1230;1;1240;1;2;8;10;074-017;074-016;CAPI;1;5;0,532922065;24;63,36911801
567971;1;3;1;1900;9;1930;2;2;8;11;074-016;074-024B;CAPI;1;9;1,094722258;24;63,36911801
567971;1;4;9;1930;1;2000;2;2;8;11;074-024B;074-016;CAPI;1;9;1,094722258;24;63,36911801
567971;2;1;1;0915;2;0930;1;2;8;;074-016;074-008;CAPI;1;2;2,042037624;2;118,4410406
567971;2;2;2;1900;1;1915;1;2;8;;074-008;074-016;CAPI;1;2;2,042037624;2;118,4410406
568534;1;1;1;0850;9;0910;1;2;8;10;074-027;074-027;CAPI;1;9;0;24;57,60366701
568534;1;2;1;1350;9;1410;1;2;8;10;074-027;074-027;CAPI;1;9;0;24;57,60366701
568534;1;3;1;1530;10;1600;1;2;8;10;074-027;074-015;CAPI;1;10;0,937770028;24;57,60366701
568534;1;4;7;1600;1;1630;1;2;8;10;074-015;074-027;CAPI;1;7;0,937770028;24;57,60366701
568685;1;1;1;1100;8;1115;1;2;8;11;074-027;074-015;CAPI;1;8;0,842343579;24;49,89006589
568685;1;2;8;1330;1;1345;1;2;8;11;074-015;074-027;CAPI;1;8;0,842343579;24;49,89006589
568685;1;5;1;1730;8;1745;1;2;8;10;074-027;074-033;CAPI;1;8;0,351925803;24;49,89006589
568685;1;6;8;1900;1;1915;1;2;8;10;074-033;074-027;CAPI;1;8;0,351925803;24;49,89006589
568685;2;1;1;1200;9;1300;3;2;8;11;074-027;074-026;CAPI;1;9;0,437686004;24;48,01828756
568685;2;2;8;1300;1;1330;2;2;8;11;074-026;074-027;CAPI;1;8;0,437686004;24;48,01828756
568685;3;1;1;1730;8;1745;1;2;8;10;074-027;074-033;CAPI;1;8;0,351925803;24;80,64409391
568685;3;2;8;1900;1;1915;1;2;8;10;074-033;074-027;CAPI;1;8;0,351925803;24;80,64409391
568689;1;1;1;0850;1;0915;2;2;8;10;074-027;074-027;CAPI;1;1;0;24;110,041909
568689;1;2;1;1100;1;1115;4;2;8;10;074-027;074-027;CAPI;1;1;0;24;110,041909
568689;1;3;1;1900;9;2015;1;2;8;11;074-027;074-026;CAPI;1;9;0,697410357;24;110,041909
568689;1;4;9;2015;1;2115;1;2;8;11;074-026;074-027;CAPI;1;9;0,697410357;24;110,041909
568760;1;1;1;1100;8;1200;1;2;8;11;074-027;074-026;CAPI;1;8;0,730379274;24;86,66751157
568760;1;2;8;1200;1;1300;1;2;8;11;074-026;074-027;CAPI;1;8;0,730379274;24;86,66751157
568760;1;3;1;1900;8;2000;1;2;8;11;074-027;074-026;CAPI;1;8;0,730379274;24;86,66751157
568760;1;4;8;2000;1;2100;1;2;8;11;074-026;074-027;CAPI;1;8;0,730379274;24;86,66751157
568760;2;1;1;0920;8;0930;3;2;8;11;074-027;074-015;CAPI;1;8;0,359864803;24;83,41591493
568760;2;2;8;1030;5;1115;1;2;8;11;074-015;074-026;CAPI;1;5;0,305580673;24;83,41591493
568760;2;3;5;1115;1;1200;1;2;8;11;074-026;074-027;CAPI;1;5;0,596143519;24;83,41591493
568760;2;4;1;1900;8;2015;1;2;8;11;074-027;074-026;CAPI;1;8;0,596143519;24;83,41591493
568760;2;5;8;2015;1;2100;1;2;8;11;074-026;074-027;CAPI;1;8;0,596143519;24;83,41591493
568784;1;1;1;0930;9;0935;1;2;8;11;074-001;074-001;CAPI;1;9;0,130837474;24;188,936936
568784;1;2;9;1125;1;1130;1;2;8;11;074-001;074-001;CAPI;1;9;0,130837474;24;188,936936
568784;1;3;1;1600;9;1605;1;2;8;10;074-001;074-001;CAPI;1;9;0,130837474;24;188,936936
568784;1;4;9;1800;1;1805;1;2;8;10;074-001;074-001;CAPI;1;9;0,130837474;24;188,936936
569269;2;2;2;1312;1;1330;1;2;8;;074-020;074-018;CAPI;1;2;0,9682227;2;80,60752801
569269;2;4;2;2042;1;2100;1;2;8;;074-020;074-018;CAPI;1;2;1,008021157;2;80,60752801
569269;3;3;1;1700;9;1810;2;1;8;5;074-018;074-033;CAPI;1;9;1,960079006;24;150,6607603
569269;3;4;9;1810;1;1920;2;1;8;5;074-033;074-018;CAPI;1;9;1,960079006;24;150,6607603
569311;1;1;1;1200;5;1215;2;1;8;10;074-018;074-019;CAPI;1;5;1,036810917;14;65,65427995
569311;1;2;5;1315;1;1330;2;1;8;5;074-019;074-018;CAPI;1;5;1,036810917;14;65,65427995
569311;2;1;1;1200;5;1215;2;1;;7;074-018;074-019;CAPI;1;5;1,036810917;11;86,11540081
569311;2;2;5;1315;1;1330;2;1;;10;074-019;074-018;CAPI;1;5;1,036810917;11;86,11540081
569358;1;1;1;0730;2;0745;1;1;;5;074-018;074-030;CAPI;1;2;2,250821868;11;151,9957774
569358;1;2;2;1445;1;1500;1;1;;5;074-030;074-018;CAPI;1;2;2,250821868;11;151,9957774
569358;1;3;1;1930;1;2000;2;1;8;11;074-018;074-018;CAPI;1;1;0;24;151,9957774
569549;1;1;1;0830;7;0850;1;1;;7;074-024A;074-007;CAPI;1;7;1,129353459;11;51,6109214
569549;1;2;7;0900;1;0920;1;1;;7;074-007;074-024A;CAPI;1;7;1,129353459;12;51,6109214
569549;1;3;1;1800;9;1830;4;1;8;9;074-024A;074-006;CAPI;1;9;1,665336777;24;51,6109214
569549;1;4;9;2030;1;2100;4;1;8;7;074-006;074-024A;CAPI;1;9;1,665336777;24;51,6109214
569549;2;1;1;1000;5;1015;2;2;8;10;074-024A;074-024A;CAPI;1;5;0,129542939;24;38,83600882
569549;2;2;5;1130;1;1145;2;2;8;10;074-024A;074-024A;CAPI;1;5;0,129542939;24;38,83600882
569701;2;1;1;1030;6;1040;4;1;;1;074-024A;074-007;CAPI;1;6;1,31488916;11;30,50443394
569701;2;2;6;1130;1;1140;4;1;;1;074-007;074-024A;CAPI;1;6;1,31488916;11;30,50443394
569736;1;1;1;1830;8;1840;2;2;8;11;074-024A;074-019;CAPI;1;8;0,993138967;24;149,3426434
569736;1;2;8;2200;1;2210;2;2;8;11;074-019;074-024A;CAPI;1;8;0,993138967;24;149,3426434
569800;1;1;1;1744;8;1800;1;2;8;11;074-027;074-014;CAPI;1;8;0,921738744;24;86,66751157
569800;1;2;8;1844;1;1900;1;2;8;11;074-014;074-027;CAPI;1;8;0,921738744;24;86,66751157
569800;2;1;1;1900;5;1930;1;2;8;11;074-027;074-026;CAPI;1;5;0,721060352;24;83,41591493
569800;2;2;5;1930;1;2000;1;2;8;11;074-026;074-027;CAPI;1;5;0,721060352;24;83,41591493
570007;1;1;1;1030;10;1100;4;1;8;11;074-015;074-021;CAPI;1;10;0,737012577;24;92,99677377
570007;1;2;10;1330;1;1400;4;1;8;11;074-021;074-015;CAPI;1;10;0,737012577;24;92,99677377
570007;1;3;1;1700;10;1730;2;1;8;11;074-015;074-036;CAPI;1;10;1,476475267;24;92,99677377
570007;1;4;10;1930;1;2000;2;1;8;11;074-036;074-015;CAPI;1;10;1,476475267;24;92,99677377
570007;1;5;1;2010;1;2030;1;1;8;11;074-015;074-015;CAPI;1;1;0;24;92,99677377
570007;2;3;1;1330;9;1400;2;1;8;11;074-015;074-015;CAPI;1;9;0;24;80,54374681
570007;2;4;1;1900;10;1920;2;1;8;11;074-015;074-036;CAPI;1;10;1,476475267;24;80,54374681
570007;2;5;7;2000;1;2030;2;1;8;11;074-036;074-015;CAPI;1;7;1,476475267;24;80,54374681
570168;1;1;1;1000;5;1100;1;2;8;11;074-015;074-026;CAPI;1;5;0,549100784;24;80,54374681
570168;1;2;5;1100;1;1200;1;2;8;11;074-026;074-015;CAPI;1;5;0,549100784;24;80,54374681
570234;1;1;1;0700;2;0730;1;1;;5;074-015;074-025;CAPI;1;2;1,635126037;11;110,7143651
570234;1;2;2;1100;1;1130;1;1;;5;074-025;074-015;CAPI;1;2;1,635126037;11;110,7143651
570234;1;3;1;1130;1;1200;2;1;8;10;074-015;074-015;CAPI;1;1;0;24;110,7143651
570234;1;4;1;1500;2;1530;1;1;;5;074-015;074-025;CAPI;1;2;1,635126037;11;110,7143651
570234;1;5;2;1900;1;1930;1;1;;5;074-025;074-015;CAPI;1;2;1,635126037;11;110,7143651
570345;1;1;1;1500;5;1510;4;1;;5;074-015;074-019;CAPI;1;5;2,519001629;11;147,3352844
570345;1;2;5;1850;1;1900;4;1;;5;074-019;074-015;CAPI;1;5;2,519001629;11;147,3352844
570345;2;1;1;0615;2;0620;1;2;8;10;074-015;074-015;CAPI;1;2;0,348204543;24;105,2408459
570345;2;2;2;1040;1;1045;1;2;8;10;074-015;074-015;CAPI;1;2;0,348204543;24;105,2408459
570345;2;3;1;1200;5;1230;2;2;8;10;074-015;074-026;CAPI;1;5;0,84534901;24;105,2408459
570345;2;4;5;1230;1;1300;2;2;8;10;074-026;074-015;CAPI;1;5;0,84534901;24;105,2408459
570683;1;3;1;2000;10;2010;3;1;2;10;074-026;074-026;CAPI;1;10;0,271826557;24;68,64841435
570683;1;4;10;2100;1;2115;3;1;2;10;074-026;074-026;CAPI;1;10;0,271826557;24;68,64841435
570683;2;1;1;0900;6;0910;4;1;2;10;074-026;074-015;CAPI;1;6;0,50849264;24;49,03521397
570683;2;2;6;1030;1;1040;4;1;2;10;074-015;074-026;CAPI;1;6;0,50849264;24;49,03521397
570683;2;3;1;1206;10;1210;1;1;;10;074-026;074-026;CAPI;1;10;0,271826557;11;49,03521397
570683;3;3;10;2030;1;2100;4;2;8;11;074-026;074-026;CAPI;1;10;0,388372706;24;87,52829294
570683;4;1;1;0845;4;0900;1;2;8;10;074-026;074-027;CAPI;1;4;0,421043271;24;67,79979048
570683;4;2;4;1300;10;1310;1;2;8;10;074-027;074-026;CAPI;1;10;0,56643857;24;67,79979048
570683;4;3;10;1445;4;1500;1;2;8;10;074-026;074-027;CAPI;1;4;0,56643857;24;67,79979048
570683;4;4;4;1700;10;1710;1;2;8;10;074-027;074-026;CAPI;1;10;0,56643857;24;67,79979048
570683;4;5;10;2038;1;2045;1;1;8;10;074-026;074-026;CAPI;1;10;0,388372706;14;67,79979048
571130;1;1;1;1008;5;1015;2;2;;;074-026;074-026;CAPI;1;5;0,496821186;2;59,40524618
571130;1;2;5;1130;1;1145;2;2;;1;074-026;074-026;CAPI;1;5;0,496821186;24;59,40524618
571130;2;1;1;1008;5;1015;2;2;;;074-026;074-026;CAPI;1;5;0,496821186;2;61,72089421
571130;2;2;5;1115;1;1145;2;2;;5;074-026;074-026;CAPI;1;5;0,496821186;24;61,72089421
571569;1;1;1;1100;1;1130;1;2;8;11;074-027;074-027;CAPI;1;1;0;24;86,66751157
571569;2;1;1;1015;5;1020;2;2;;;074-027;074-027;CAPI;1;5;0,092306756;24;83,41591493
571569;2;2;5;1045;1;1050;2;2;;;074-027;074-027;CAPI;1;5;0,092306756;24;83,41591493
571569;2;3;1;1130;1;1200;1;2;8;11;074-027;074-027;CAPI;1;1;0;24;83,41591493
571569;2;4;1;1800;1;1830;1;2;8;11;074-027;074-027;CAPI;1;1;0;24;83,41591493
571586;1;1;1;1700;8;1800;1;2;8;11;074-027;074-026;CAPI;1;8;0,302589552;24;86,66751157
571586;1;2;8;1800;1;1900;1;2;8;10;074-026;074-027;CAPI;1;8;0,302589552;24;86,66751157
571586;2;1;1;1700;7;1830;1;2;8;11;074-027;074-026;CAPI;1;7;0,302589552;24;83,41591493
571586;2;2;7;1830;1;1900;1;2;8;11;074-026;074-027;CAPI;1;7;0,302589552;24;83,41591493
571641;1;3;1;1655;10;1700;3;1;;5;074-027;074-021;CAPI;1;10;0,907747604;11;95,23215155
571641;1;4;7;1700;1;1725;3;1;3;10;074-021;074-027;CAPI;1;7;0,907747604;24;95,23215155
571641;1;5;1;1820;9;1830;2;1;;5;074-027;074-027;CAPI;1;9;0;24;95,23215155
571641;2;1;1;0830;7;0850;1;2;8;5;074-027;074-021;CAPI;1;7;0,97444028;24;68,02384255
571641;2;2;7;0905;1;0935;1;2;8;5;074-021;074-027;CAPI;1;7;0,97444028;24;68,02384255
571641;2;3;1;1540;2;1610;1;2;8;2;074-027;074-028;CAPI;1;2;0,700476551;24;68,02384255
571641;2;4;2;2030;1;2110;1;2;8;2;074-028;074-027;CAPI;1;2;0,700476551;24;68,02384255
571641;3;3;8;1820;1;1830;3;1;8;5;074-021;074-027;CAPI;1;8;0,907747604;14;72,59170436
572527;1;1;1;0930;7;0940;1;2;8;10;074-030;074-030;CAPI;1;7;0,173104447;24;104,7871585
572527;1;2;10;0940;1;1000;1;2;8;10;074-030;074-030;CAPI;1;10;0,173104447;24;104,7871585
572527;1;3;1;1200;1;1220;2;2;8;10;074-030;074-030;CAPI;1;1;0;24;104,7871585
572527;1;4;1;1700;10;1710;1;2;8;10;074-030;074-030;CAPI;1;10;0,173104447;24;104,7871585
572527;1;5;7;1710;1;1720;1;2;8;10;074-030;074-030;CAPI;1;7;0,173104447;24;104,7871585
572527;1;6;1;1830;7;1900;1;2;8;11;074-030;074-026;CAPI;1;7;0,55156039;24;104,7871585
572527;1;7;7;1900;1;1930;1;2;8;11;074-026;074-030;CAPI;1;7;0,55156039;24;104,7871585
572527;2;1;1;0940;4;1000;1;2;8;9;074-030;074-018;CAPI;1;4;2,702533266;23;111,8237098
572527;2;2;4;1630;1;1700;1;2;8;9;074-018;074-030;CAPI;1;4;2,702533266;23;111,8237098
572527;2;3;1;1700;9;1730;1;2;8;10;074-030;074-030;CAPI;1;9;0;24;111,8237098
572527;2;4;1;1830;7;1900;1;2;8;11;074-030;074-026;CAPI;1;7;0,55156039;24;111,8237098
572527;2;5;7;1900;1;1930;1;2;8;11;074-026;074-030;CAPI;1;7;0,55156039;24;111,8237098
572569;1;1;1;1800;8;1810;1;1;;8;074-030;074-015;CAPI;1;8;1,593397728;11;147,9210033
572569;1;2;8;2020;10;2035;2;1;;8;074-015;074-001;CAPI;1;10;2,85167319;11;147,9210033
572569;1;3;10;2045;1;2100;2;1;;8;074-001;074-030;CAPI;1;10;3,753535745;11;147,9210033
572817;1;3;1;1722;5;1735;1;1;3;10;074-018;074-022;CAPI;1;5;1,011239059;24;128,7717817
572817;1;4;5;1800;1;1810;1;1;3;10;074-022;074-018;CAPI;1;5;1,011239059;24;128,7717817
572817;2;1;1;1000;10;1010;4;1;;5;074-018;074-015;CAPI;1;10;1,774718019;11;98,17545439
572817;2;2;10;1100;1;1110;4;1;;5;074-015;074-018;CAPI;1;10;1,774718019;11;98,17545439
572817;2;3;1;1800;5;1805;1;1;8;11;074-018;074-018;CAPI;1;5;0,460069858;24;98,17545439
572817;2;4;5;1830;1;1835;1;1;8;11;074-018;074-018;CAPI;1;5;0,460069858;24;98,17545439
572817;3;1;1;1000;10;1010;4;1;8;7;074-018;074-015;CAPI;1;10;1,774718019;14;98,17545439
572817;3;2;10;1100;1;1110;4;1;8;5;074-015;074-018;CAPI;1;10;1,774718019;14;98,17545439
572817;3;3;1;1745;2;1800;4;1;3;1;074-018;074-007;CAPI;1;2;1,084812993;24;98,17545439
572817;3;4;2;1900;1;1920;4;1;3;1;074-007;074-018;CAPI;1;2;1,084812993;24;98,17545439
572817;4;1;1;1940;8;2000;5;2;8;;074-018;074-027;CAPI;1;8;2,159523098;4;111,663592
572817;4;2;8;2015;9;2025;4;2;8;;074-027;074-016;CAPI;1;9;1,656586886;4;111,663592
572817;4;3;9;2125;8;2140;4;2;8;;074-016;074-026;CAPI;1;8;1,726839645;2;71,44656329
572817;4;4;8;2320;1;2350;4;2;8;;074-026;074-018;CAPI;1;8;2,338325496;4;111,663592
572991;1;1;1;0930;2;1000;1;2;8;10;074-018;074-018;CAPI;1;2;0,363771874;24;114,8635858
572991;1;2;2;1600;1;1620;1;1;8;10;074-018;074-018;CAPI;1;2;0,363771874;24;114,8635858
573389;1;1;1;1030;5;1045;2;2;8;11;074-024A;074-019;CAPI;1;5;0,909160842;24;38,83600882
573389;1;2;5;1230;1;1245;2;2;8;11;074-019;074-024A;CAPI;1;5;0,909160842;24;38,83600882
574102;1;1;1;0850;7;0900;1;1;8;10;074-030;074-026;CAPI;1;7;0,253722293;24;161,489351
574102;1;2;7;0900;7;0910;1;1;8;10;074-026;074-030;CAPI;1;7;0,67836742;24;161,489351
574102;1;3;10;0910;1;0930;1;1;8;10;074-030;074-030;CAPI;1;10;0,608147239;24;161,489351
574102;1;6;1;1450;2;1500;1;1;8;10;074-030;074-026;CAPI;1;2;0,593186809;24;161,489351
574102;1;7;2;2200;1;2210;1;1;8;10;074-026;074-030;CAPI;1;2;0,593186809;24;161,489351
574102;2;1;1;1100;4;1115;3;2;8;10;074-030;074-026;CAPI;1;4;0,523166775;24;115,3510239
574102;2;2;4;1215;1;1230;3;2;8;10;074-026;074-030;CAPI;1;4;0,523166775;24;115,3510239
574102;2;3;1;1245;1;1300;1;2;8;10;074-030;074-030;CAPI;1;1;0;24;115,3510239
574102;2;4;1;1340;10;1350;1;2;8;10;074-030;074-030;CAPI;1;10;0,608147239;24;115,3510239
574102;2;5;7;1350;10;1400;1;2;8;10;074-030;074-026;CAPI;1;10;0,67836742;24;115,3510239
574102;2;6;7;1400;1;1410;1;2;8;10;074-026;074-030;CAPI;1;7;0,253722293;24;115,3510239
574102;2;7;1;1800;8;1900;1;2;8;10;074-030;074-030;CAPI;1;8;0,187679333;24;115,3510239
574102;2;8;8;1900;1;2000;1;2;8;10;074-030;074-030;CAPI;1;8;0,187679333;24;115,3510239
574102;3;1;1;0850;4;0900;1;2;8;10;074-030;074-026;CAPI;1;4;0,253722293;24;123,0969482
574102;3;2;4;1400;1;1410;1;2;8;10;074-026;074-030;CAPI;1;4;0,253722293;24;123,0969482
574102;3;3;1;1800;8;1900;1;2;8;10;074-030;074-030;CAPI;1;8;0,187679333;24;123,0969482
574102;3;4;8;1900;1;2000;1;2;8;10;074-030;074-030;CAPI;1;8;0,187679333;24;123,0969482
574446;1;1;1;1600;5;1615;4;2;8;10;074-001;074-002;CAPI;1;5;0,271145703;24;68,40996201
574446;1;2;5;1745;1;1800;4;2;8;10;074-002;074-001;CAPI;1;5;0,271145703;24;68,40996201
574446;2;1;1;1600;5;1615;4;2;8;10;074-001;074-002;CAPI;1;5;0,271145703;24;81,05287591
574446;2;2;5;1745;1;1800;4;2;8;10;074-002;074-001;CAPI;1;5;0,271145703;24;81,05287591
574446;3;1;1;1600;5;1615;4;2;8;10;074-001;074-002;CAPI;1;5;0,271145703;24;95,16156642
574446;3;2;5;1745;1;1800;4;2;8;10;074-002;074-001;CAPI;1;5;0,271145703;24;95,16156642
574446;4;1;1;1600;5;1615;4;2;8;10;074-001;074-002;CAPI;1;5;0,271145703;24;95,16156642
574446;4;2;5;1745;1;1800;4;2;8;10;074-002;074-001;CAPI;1;5;0,271145703;24;95,16156642
574656;4;1;1;0900;7;0910;1;1;3;10;074-001;074-001;CAPI;1;7;0,537248503;24;68,40996201
574656;4;2;7;0915;1;0925;1;1;3;10;074-001;074-001;CAPI;1;7;0,537248503;24;68,40996201
574656;4;3;1;1415;7;1425;1;1;3;10;074-001;074-001;CAPI;1;7;0,537248503;24;68,40996201
574656;4;4;7;1430;1;1440;1;1;3;10;074-001;074-001;CAPI;1;7;0,537248503;24;68,40996201
574656;5;1;1;0800;2;0815;1;1;;4;074-001;074-004;CAPI;1;2;4,25163867;11;81,05287591
574656;5;2;2;1900;1;1915;1;1;;4;074-004;074-001;CAPI;1;2;4,25163867;11;81,05287591
574887;1;1;1;0950;6;1000;1;2;8;9;074-027;074-013;CAPI;1;6;1,283974943;15;83,41591493
574887;1;2;6;1820;1;1830;1;2;8;9;074-013;074-027;CAPI;1;6;1,283974943;15;83,41591493
574887;2;1;1;1030;5;1200;1;1;5;11;074-027;074-026;CAPI;1;5;0,686075632;24;86,66751157
574887;2;2;5;1200;1;1300;1;1;5;11;074-026;074-027;CAPI;1;5;0,686075632;24;86,66751157
574887;2;3;1;1800;9;1830;1;1;5;11;074-027;074-027;CAPI;1;9;0;24;86,66751157
575180;1;1;1;1000;5;1015;1;2;8;7;074-012;074-012;CAPI;1;5;0,409099586;24;83,82096922
575180;1;2;5;1100;1;1115;1;2;8;7;074-012;074-012;CAPI;1;5;0,409099586;24;83,82096922
575223;1;1;1;1000;9;1045;2;1;8;11;074-012;074-010;CAPI;1;9;1,837347073;24;65,20474178
